{"schemaVersion":"1.0","appDefinitionTemplate":{"id":"/providers/Microsoft.PowerApps/apps/","type":"Microsoft.PowerApps/apps","tags":{"primaryDeviceWidth":"640","primaryDeviceHeight":"1136","supportsPortrait":"true","supportsLandscape":"true","primaryFormFactor":"Phone","publisherVersion":"3.22081.14","minimumRequiredApiVersion":"2.2.0","hasComponent":"false","hasUnlockedComponent":"false","isUnifiedRootApp":"false","sienaVersion":"20220813T200638Z-3.22081.14.0"},"properties":{"appVersion":"2022-08-13T20:06:38Z","lifeCycleId":"Published","createdByClientVersion":{"major":3,"minor":22081,"build":14,"revision":0,"majorRevision":0,"minorRevision":0},"minClientVersion":{"major":3,"minor":22081,"build":14,"revision":0,"majorRevision":0,"minorRevision":0},"backgroundColor":"rgba(31, 31, 31, 1)","backgroundImageUri":"/2546387820032114660/Ncbc9c9c2-6f24-4651-bf03-fccb25ba3594-logoSmallFile","displayName":"Clock_In_Out_App","description":"Industrial Report App for manage Incidents inside an industrial environtment.  Developed By Manuel Portero Leiva.","commitMessage":"","appUris":{"documentUri":{"value":"/2546387820032114660/Nd744b968-52f0-43d5-8e9a-5f52e880fac5-document.msapp"},"imageUris":[],"additionalUris":[]},"createdTime":"0001-01-01T00:00:00Z","lastModifiedTime":"0001-01-01T00:00:00Z","sharedGroupsCount":0,"sharedUsersCount":0,"icons":{"smallIconUri":"/2546387820032114660/N587ef2e2-8271-4e89-aedf-d34ccb2f7ab2-small.png","mediumIconUri":"/2546387820032114660/N27851440-5edd-4f9f-ac7b-70c3cb4f135a-medium.png","largeIconUri":"/2546387820032114660/N2d28b1ab-ef94-4e74-8aff-663e6450df23-large.png","wideIconUri":"/2546387820032114660/N0366eeb4-306f-46d9-b902-5460bd0cc6ea-wide.png"},"connectionReferences":{"a9c936e4-730a-42d4-9a1c-c1c97f2d3d9f":{"id":"f7613bcf-6ce6-4660-9f45-ef6225ba85da","displayName":"Flujos lógicos","iconUri":"https://connectoricons-prod.azureedge.net/releases/v1.0.1534/1.0.1534.2605/logicflows/icon.png","dataSources":["Industry_Clock_System"],"dependencies":["28ecf6bd-ba0c-4ed2-97d7-603e881d5d69"],"dependents":[],"parameterHints":{"workflowName":{"value":"49790736-2cc2-4786-8cc7-857aaac1d11d"},"workflowEntityId":{},"28ecf6bd-ba0c-4ed2-97d7-603e881d5d69":{"value":"shared_sharepointonline"}},"parameterHintsV2":{"workflowName":{"value":"49790736-2cc2-4786-8cc7-857aaac1d11d"},"workflowEntityId":{},"shared_sharepointonline":{"value":"28ecf6bd-ba0c-4ed2-97d7-603e881d5d69"}},"isOnPremiseConnection":false,"bypassConsent":false,"dataSets":{},"apiTier":"Standard","isCustomApiConnection":false,"actions":["Run"],"nestedActions":[{"id":"/providers/Microsoft.PowerApps/apis/shared_sharepointonline/apiOperations/PostItem","apiName":"SharePoint","actionName":"PostItem","referencedResources":[{"key":"site","value":"https://manuelportero.sharepoint.com/sites/SistemadeFichajeLayout"},{"key":"list","value":"7e0a2fff-53b9-49b0-a04f-6ffa308fbbe8"}]}]},"28ecf6bd-ba0c-4ed2-97d7-603e881d5d69":{"id":"46dfbf4b-991c-4dcc-914c-4979180b6e23","displayName":"SharePoint","iconUri":"https://connectoricons-prod.azureedge.net/releases/v1.0.1591/1.0.1591.2961/sharepointonline/icon.png","dataSources":[],"dependencies":[],"dependents":["a9c936e4-730a-42d4-9a1c-c1c97f2d3d9f"],"parameterHints":{},"parameterHintsV2":{},"isOnPremiseConnection":false,"bypassConsent":false,"dataSets":{},"apiTier":"Standard","isCustomApiConnection":false},"ec6ba756-3f20-44d9-bd29-d7987069e9fd":{"id":"f20c7400-172d-4555-84f2-2f330a83d832","displayName":"Office 365 Outlook","iconUri":"https://connectoricons-prod.azureedge.net/releases/v1.0.1591/1.0.1591.2961/office365/icon.png","dataSources":["Office365Outlook"],"dependencies":[],"dependents":[],"parameterHints":{},"parameterHintsV2":{},"isOnPremiseConnection":false,"bypassConsent":false,"dataSets":{},"apiTier":"Standard","isCustomApiConnection":false,"actions":["CalendarGetTables","GetEventsCalendarViewV2"]},"d64c7048-e86c-4db6-97f0-7ef13d0e81ea":{"id":"0b73304c-15d3-42a1-a30a-41c0717949be","displayName":"Servicios espaciales","iconUri":"https://connectoricons-prod.azureedge.net/releases/v1.0.1586/1.0.1586.2912/microsoftspatialservices/icon.png","dataSources":["Serviciosespaciales"],"dependencies":[],"dependents":[],"parameterHints":{},"parameterHintsV2":{},"isOnPremiseConnection":false,"bypassConsent":false,"dataSets":{},"apiTier":"Premium","isCustomApiConnection":false}},"databaseReferences":{},"almMode":"Environment","performanceOptimizationEnabled":true,"canConsumeAppPass":true,"executionRestrictions":{"isTeamsOnly":false,"dataLossPreventionEvaluationResult":{"status":"Compliant","lastEvaluationDate":"2022-08-13T20:06:56.7627525Z","violations":[],"violationsByPolicy":[],"violationErrorMessage":"La aplicación usa los siguientes conectores: shared_logicflows, shared_sharepointonline, shared_office365, shared_microsoftspatialservices."},"httpActionRestriction":{"appUsesSharepointHttpAction":false,"enforcementStrategy":"Legacy","evaluationTime":"2022-08-13T20:06:56.7626169Z"}}},"appType":"ClassicCanvasApp","appComponents":[]}}