{"schemaVersion":"1.0","appDefinitionTemplate":{"id":"/providers/Microsoft.PowerApps/apps/","type":"Microsoft.PowerApps/apps","tags":{"primaryDeviceWidth":"640","primaryDeviceHeight":"1136","supportsPortrait":"true","supportsLandscape":"true","primaryFormFactor":"Phone","publisherVersion":"3.22081.14","minimumRequiredApiVersion":"2.2.0","hasComponent":"false","hasUnlockedComponent":"false","isUnifiedRootApp":"false","sienaVersion":"20220814T212602Z-3.22081.14.0"},"properties":{"appVersion":"2022-08-14T21:26:02Z","lifeCycleId":"Published","createdByClientVersion":{"major":3,"minor":22081,"build":14,"revision":0,"majorRevision":0,"minorRevision":0},"minClientVersion":{"major":3,"minor":22081,"build":14,"revision":0,"majorRevision":0,"minorRevision":0},"backgroundColor":"rgba(9, 33, 98, 1)","backgroundImageUri":"/2546387820032114660/N1405d80e-0b02-48fe-9a15-d7e9d2b481b7-logoSmallFile","displayName":"Clock_In_Out_App","description":"Industrial Report App for manage Incidents inside an industrial environtment.  Developed By Manuel Portero Leiva.","commitMessage":"","appUris":{"documentUri":{"value":"/2546387820032114660/Nb88179a9-8d7e-4912-9756-0751d3cdf9d0-document.msapp"},"imageUris":[],"additionalUris":[]},"createdTime":"0001-01-01T00:00:00Z","lastModifiedTime":"0001-01-01T00:00:00Z","sharedGroupsCount":0,"sharedUsersCount":0,"icons":{"smallIconUri":"/2546387820032114660/Nfbd3f33c-5509-4ff6-9293-a1c6ab9b2881-small.png","mediumIconUri":"/2546387820032114660/N9deccd43-8589-4d51-89d2-6bf70354cf01-medium.png","largeIconUri":"/2546387820032114660/N26c3ccf2-56d9-481f-9fca-920d7ca49b41-large.png","wideIconUri":"/2546387820032114660/N2d82431b-206c-4bb9-b370-6760dd754c2b-wide.png"},"connectionReferences":{"ec6ba756-3f20-44d9-bd29-d7987069e9fd":{"id":"f20c7400-172d-4555-84f2-2f330a83d832","displayName":"Office 365 Outlook","iconUri":"https://connectoricons-prod.azureedge.net/releases/v1.0.1591/1.0.1591.2961/office365/icon.png","dataSources":["Office365Outlook"],"dependencies":[],"dependents":[],"parameterHints":{},"parameterHintsV2":{},"isOnPremiseConnection":false,"bypassConsent":false,"dataSets":{},"apiTier":"Standard","isCustomApiConnection":false,"actions":["CalendarGetTables","GetEventsCalendarViewV2"]},"51f7d0e5-b00a-439b-95dc-013158ce383b":{"id":"0b73304c-15d3-42a1-a30a-41c0717949be","displayName":"Spatial Services","iconUri":"https://connectoricons-prod.azureedge.net/releases/v1.0.1586/1.0.1586.2912/microsoftspatialservices/icon.png","dataSources":["SpatialServices"],"dependencies":[],"dependents":[],"parameterHints":{},"parameterHintsV2":{},"isOnPremiseConnection":false,"bypassConsent":false,"dataSets":{},"apiTier":"Premium","isCustomApiConnection":false}},"databaseReferences":{},"almMode":"Environment","performanceOptimizationEnabled":true,"canConsumeAppPass":true,"executionRestrictions":{"isTeamsOnly":false,"dataLossPreventionEvaluationResult":{"status":"Compliant","lastEvaluationDate":"2022-08-13T20:13:53.9604883Z","violations":[],"violationsByPolicy":[],"violationErrorMessage":"La aplicación usa los siguientes conectores: shared_logicflows, shared_sharepointonline, shared_office365, shared_microsoftspatialservices."},"httpActionRestriction":{"appUsesSharepointHttpAction":false,"enforcementStrategy":"Legacy","evaluationTime":"2022-08-13T20:13:53.9603546Z"}}},"appType":"ClassicCanvasApp","appComponents":[]}}