{"name":"0e23218e-6207-4880-9734-5cb1f1f02738","id":"/providers/Microsoft.Flow/flows/0e23218e-6207-4880-9734-5cb1f1f02738","type":"Microsoft.Flow/flows","properties":{"apiId":"/providers/Microsoft.PowerApps/apis/shared_logicflows","displayName":"Industry_Clock_System","definition":{"metadata":{"workflowEntityId":null,"processAdvisorMetadata":null,"flowclientsuspensionreason":"None","flowclientsuspensiontime":null,"flowclientsuspensionreasondetails":null,"creator":{"id":"328e7e8a-5b8b-4e39-8d0f-667d76bd380b","type":"User","tenantId":"8b03e177-0c71-4948-bb4d-abb386b73f7e"},"provisioningMethod":"FromDefinition","failureAlertSubscription":true,"clientLastModifiedTime":"2022-08-13T16:01:15.4002786Z"},"$schema":"https://schema.management.azure.com/providers/Microsoft.Logic/schemas/2016-06-01/workflowdefinition.json#","contentVersion":"1.0.0.0","parameters":{"$connections":{"defaultValue":{},"type":"Object"},"$authentication":{"defaultValue":{},"type":"SecureObject"}},"triggers":{"manual":{"metadata":{"operationMetadataId":"cddec794-1b78-4f23-8ccf-f2bfb676e8bc"},"type":"Request","kind":"PowerApp","inputs":{"schema":{"type":"object","properties":{"WorkerName_Value":{"type":"any"},"SetClockAction_Value":{"type":"string","description":"Enter initial value","x-ms-powerflows-param-ispartial":false},"Initializevariable_Value":{"type":"string","description":"Enter initial value","x-ms-powerflows-param-ispartial":false},"Initializevariable_Value_1":{"type":"any"}},"required":["WorkerName_Value","SetClockAction_Value","Initializevariable_Value","Initializevariable_Value_1"]}}}},"actions":{"Current_time":{"runAfter":{"Initialize_variable":["Succeeded"]},"metadata":{"operationMetadataId":"1ed5818f-a8da-4df5-bc85-3135ec12f48d"},"type":"Expression","kind":"CurrentTime","inputs":{}},"Convert_time_zone":{"runAfter":{"Current_time":["Succeeded"]},"metadata":{"operationMetadataId":"d423fd06-039a-4e3f-9529-ad03c9ffeb4b"},"type":"Expression","kind":"ConvertTimeZone","inputs":{"baseTime":"@body('Current_time')","formatString":"f","sourceTimeZone":"UTC","destinationTimeZone":"Romance Standard Time"}},"Add_Clock_action_in_Entradas_y_Salidas_Sharepoint_List":{"runAfter":{"Convert_time_zone":["Succeeded"]},"metadata":{"operationMetadataId":"f19d86e7-ed10-4e09-b1a2-00aa8a37ffc2"},"type":"OpenApiConnection","inputs":{"host":{"apiId":"/providers/Microsoft.PowerApps/apis/shared_sharepointonline","connectionName":"shared_sharepointonline","operationId":"PostItem"},"parameters":{"dataset":"https://manuelportero.sharepoint.com/sites/SistemadeFichajeLayout","table":"7e0a2fff-53b9-49b0-a04f-6ffa308fbbe8","item/Title":"@variables('ClockAction')","item/Persona":"@variables('WorkerName')","item/Fechayhora":"@body('Convert_time_zone')","item/Latitude":"@variables('Latitude')","item/Longitude":"@variables('Longitude')"},"authentication":{"value":"@json(decodeBase64(triggerOutputs().headers['X-MS-APIM-Tokens']))['$ConnectionKey']","type":"Raw"}}},"Set_Worker_Name":{"runAfter":{},"metadata":{"operationMetadataId":"cd745c46-5329-40c1-a19f-e53500886bd7"},"type":"InitializeVariable","inputs":{"variables":[{"name":"WorkerName","type":"string","value":"@{triggerBody()['WorkerName_Value']}"}]}},"Set_Clock_Action":{"runAfter":{"Set_Worker_Name":["Succeeded"]},"metadata":{"operationMetadataId":"597b8037-0384-4461-aff8-d542809b6a3b"},"type":"InitializeVariable","inputs":{"variables":[{"name":"ClockAction","type":"string","value":"@{triggerBody()['SetClockAction_Value']}"}]}},"Set_Latitude":{"runAfter":{"Set_Clock_Action":["Succeeded"]},"metadata":{"operationMetadataId":"b29e4fdd-4fae-4e7c-8b9f-fc85cc1df2d6"},"type":"InitializeVariable","inputs":{"variables":[{"name":"Latitude","type":"string","value":"@{triggerBody()['Initializevariable_Value']}"}]}},"Initialize_variable":{"runAfter":{"Set_Latitude":["Succeeded"]},"metadata":{"operationMetadataId":"aca725bd-53d3-4d7c-a98f-3e6a7b7df4d7"},"type":"InitializeVariable","inputs":{"variables":[{"name":"Longitude","type":"string","value":"@{triggerBody()['Initializevariable_Value_1']}"}]}}},"outputs":{}},"connectionReferences":{"shared_sharepointonline":{"connectionName":"shared-sharepointonl-b8d9abce-8d3f-457c-90db-1b1a-cdbdc681","source":"Invoker","id":"/providers/Microsoft.PowerApps/apis/shared_sharepointonline","tier":"NotSpecified"}},"flowFailureAlertSubscribed":false,"isManaged":false}}